# x0,x1,x2,x3,x4,y
-1.99,-2.31,-0.85,0.91,-1.14,1.00
2.42,2.77,-0.47,3.35,1.10,0.00
-0.15,1.46,-1.69,1.91,-0.39,0.00
0.93,1.29,-0.93,3.45,1.11,0.00
-1.31,-1.36,-1.28,2.11,-1.41,1.00
0.82,2.59,-0.95,2.28,0.57,0.00
-2.14,-2.19,-3.37,-0.51,1.12,1.00
0.11,1.51,-1.96,2.97,-0.26,0.00
-1.09,-3.67,-1.95,2.57,-0.33,1.00
-2.31,0.50,-1.43,2.69,1.46,1.00
-0.54,0.01,-1.73,0.96,-1.44,1.00
-1.25,-1.31,-1.39,1.32,0.56,1.00
1.43,0.28,-2.37,2.10,0.04,0.00
1.76,1.30,-0.42,2.08,0.80,0.00
-1.64,-3.17,-1.48,2.70,1.28,1.00
0.75,2.45,-1.96,1.55,0.81,0.00
0.25,-1.61,-3.25,-0.03,-0.60,1.00
1.73,1.93,-0.13,1.95,-0.22,0.00
0.35,0.33,-0.15,0.88,-0.16,0.00
-2.88,-0.65,-1.04,0.78,1.73,1.00
-0.86,-1.57,-2.06,2.10,-0.87,1.00
-0.22,-0.75,-2.03,2.54,-0.05,0.00
0.07,0.95,0.24,2.13,-2.12,0.00
-1.97,-1.41,-1.83,0.11,-0.17,1.00
1.37,1.02,0.89,1.60,0.51,0.00
-1.97,-2.91,-2.40,1.11,-0.49,1.00
1.03,1.45,-0.41,3.61,0.98,0.00
-1.53,-2.32,-0.69,-0.45,0.15,1.00
-3.64,-2.21,-2.70,2.95,0.28,1.00
0.69,1.86,-1.75,2.70,1.42,0.00
-0.34,-2.85,-3.40,2.17,0.68,1.00
1.41,0.25,-2.07,2.14,-0.29,0.00
-1.79,-1.29,-1.36,1.97,-0.51,1.00
0.86,1.35,-2.11,2.81,1.29,0.00
-0.84,1.97,-0.97,3.24,-0.78,0.00
2.95,2.18,-1.15,2.04,-0.07,0.00
-3.43,-1.49,1.82,3.64,-0.35,1.00
-2.73,-0.48,-2.48,2.56,-1.06,1.00
-1.17,-1.72,-2.58,2.13,-1.66,1.00
2.01,0.38,-3.29,1.19,-0.81,0.00
0.92,1.53,-0.71,3.55,-1.12,0.00
1.59,-0.58,-1.80,0.64,-1.02,0.00
-1.11,-2.64,-2.55,1.45,2.10,1.00
-1.64,-2.00,-3.08,2.65,0.68,1.00
-1.89,-1.07,-1.58,1.59,1.59,1.00
-3.45,0.47,-0.85,1.04,-0.93,1.00
1.63,2.30,0.13,3.64,-0.01,0.00
-2.95,-2.44,-2.49,1.82,2.20,1.00
0.72,0.11,-0.05,2.21,2.00,0.00
-3.22,-2.32,-0.44,1.48,0.44,1.00
1.76,3.88,-0.65,2.49,-0.26,0.00
0.88,-0.61,-2.30,2.82,1.33,0.00
-0.58,1.10,-2.11,1.97,0.26,0.00
-2.58,-4.04,-3.25,0.83,-0.49,1.00
-1.81,-2.43,-1.07,2.20,0.01,1.00
0.27,0.69,-2.81,3.15,-0.65,0.00
-0.18,1.28,-2.21,3.14,-1.11,0.00
-2.19,-1.54,-1.47,2.84,0.95,1.00
0.68,2.68,-1.82,2.10,0.33,0.00
0.88,3.11,1.46,2.25,0.71,0.00
1.58,0.72,-0.79,0.80,-0.34,0.00
3.25,1.26,-0.78,0.55,1.35,0.00
0.96,-0.48,-0.87,3.33,0.07,0.00
-1.83,-1.98,-2.46,2.16,1.75,1.00
2.93,1.43,-1.10,2.59,-0.05,0.00
-1.96,-2.35,-0.63,1.81,0.70,1.00
-1.91,1.39,-1.68,2.28,-0.30,0.00
-0.93,-3.04,-2.23,1.72,0.94,1.00
-1.13,-1.27,-2.08,1.64,0.80,1.00
0.09,2.48,-0.96,2.18,-0.89,0.00
2.61,1.66,-0.93,1.87,-1.07,0.00
-3.70,-2.12,-1.74,2.46,-0.55,1.00
-2.58,-0.29,-2.67,1.95,0.02,1.00
-3.75,-1.88,-1.60,0.95,-0.61,1.00
-2.00,-1.03,-2.54,1.38,0.15,1.00
-2.30,-1.67,-3.44,0.99,0.26,1.00
0.90,0.86,-2.36,2.00,1.83,0.00
0.94,-0.30,-1.76,3.43,0.06,0.00
-1.70,1.57,-1.52,3.10,-0.28,1.00
-1.87,-2.24,-3.15,3.06,0.18,1.00
0.78,2.85,-2.65,3.24,-0.05,0.00
-2.07,-2.38,-1.07,1.24,1.53,1.00
-2.28,-1.62,-0.87,2.04,2.23,1.00
-3.38,-2.36,-1.36,1.16,0.71,1.00
-1.59,-2.89,-1.73,0.94,0.22,1.00
-1.93,-1.01,-1.15,1.10,2.06,1.00
2.19,2.47,-1.96,1.45,0.94,0.00
-0.24,2.13,-0.26,3.05,-0.80,0.00
2.34,0.90,-1.94,0.89,0.84,0.00
1.75,-1.36,-0.32,3.01,1.24,0.00
1.99,1.56,-0.18,1.02,0.55,0.00
-4.09,-1.74,-2.75,1.06,1.06,1.00
-2.43,-0.68,-1.16,2.08,-0.22,1.00
1.64,1.30,-0.28,3.67,0.15,0.00
1.56,0.60,-2.79,1.57,1.43,0.00
1.30,2.11,-0.39,3.53,0.15,0.00
2.26,1.01,-1.70,1.95,0.80,0.00
-2.63,-1.21,-1.63,2.61,0.41,1.00
-1.45,-2.33,-0.62,1.29,0.33,1.00
0.16,0.88,0.50,2.42,1.23,0.00
-1.79,1.38,1.13,3.52,-1.10,0.00
1.24,0.05,-1.57,0.66,-0.22,0.00
-2.23,-0.91,-1.22,-0.90,0.60,1.00
0.83,1.93,-2.87,1.29,-0.73,0.00
0.72,-0.13,-2.79,2.91,-0.40,0.00
-1.36,-2.32,-0.58,4.05,-0.06,1.00
0.20,3.62,-0.95,2.70,-1.21,0.00
2.06,1.80,-1.49,0.59,-0.56,0.00
-2.36,-0.16,-3.81,1.53,-1.00,1.00
-0.90,0.55,-1.14,2.84,-0.79,0.00
-2.38,-1.58,-4.60,2.16,0.02,1.00
0.72,1.15,-1.36,2.98,0.14,0.00
0.53,0.91,-2.16,2.36,0.87,0.00
-1.87,-1.46,-3.28,2.76,1.52,1.00
-2.08,-2.91,-2.26,0.71,-0.50,1.00
1.27,1.42,-1.35,2.57,0.50,0.00
-4.52,-1.95,-1.61,2.27,-0.36,1.00
-2.76,-1.00,-0.33,1.62,-0.03,1.00
1.83,1.37,-2.13,3.09,1.33,0.00
0.78,0.98,-2.28,1.52,0.19,0.00
3.07,0.53,-0.49,-0.42,-0.89,0.00
-2.78,-1.76,-1.67,-0.07,2.17,1.00
-1.81,-0.76,-0.27,1.09,-0.37,1.00
0.35,2.16,0.09,1.13,-0.71,0.00
-1.12,0.45,-3.02,2.64,0.05,1.00
-1.19,-1.19,-1.24,1.27,-0.95,1.00
1.26,3.13,-0.96,3.42,-3.09,0.00
0.47,1.47,-2.15,1.75,-0.18,0.00
2.01,0.30,-0.10,3.82,-0.95,0.00
-0.77,0.67,-0.72,3.71,1.47,0.00
-1.59,-1.10,-0.84,1.93,1.09,1.00
-1.62,-1.85,-2.26,1.32,0.74,1.00
-1.71,-1.67,-1.82,2.61,0.72,1.00
-3.62,0.26,-1.56,0.33,-0.27,1.00
1.87,0.51,-2.47,2.43,0.84,0.00
2.54,-1.71,-2.31,3.74,0.30,0.00
0.03,1.12,-0.45,2.21,1.70,0.00
-0.58,-1.06,-1.03,1.71,0.67,1.00
1.36,1.45,-2.14,2.35,0.07,0.00
-2.17,-2.70,-0.91,3.14,0.75,1.00
-2.38,-2.38,-0.36,0.66,0.35,1.00
-0.50,1.78,-0.86,3.96,1.72,0.00
2.40,0.89,-1.29,1.78,-0.42,0.00
0.99,2.44,-1.56,1.11,0.64,0.00
-1.38,-2.74,-2.41,1.52,0.35,1.00
0.95,3.67,-0.10,1.09,0.07,0.00
0.28,1.06,-1.37,0.87,-0.31,0.00
-3.34,-0.30,-0.48,1.44,0.08,1.00
0.81,1.24,-0.62,1.88,0.52,0.00
2.15,2.19,-2.49,0.34,0.12,0.00
0.87,1.28,-2.43,1.81,-0.47,0.00
-1.46,-3.11,-2.68,3.87,0.30,1.00
-0.08,3.49,-1.99,4.12,-0.03,0.00
-2.26,-0.54,-2.70,2.13,0.44,1.00
-1.47,-1.64,-2.62,1.31,2.02,1.00
-1.98,-0.76,-2.39,0.79,0.27,1.00
2.14,-0.03,-2.46,1.16,-1.37,0.00
1.76,1.81,-1.71,3.24,0.92,0.00
-2.06,-1.32,-1.02,1.96,-0.87,1.00
1.76,3.86,0.24,1.68,0.90,0.00
3.01,2.26,-1.16,1.46,-0.20,0.00
-2.11,-1.52,-1.03,2.72,-0.27,1.00
-2.72,-1.39,-2.40,2.32,-0.78,1.00
0.26,2.19,-2.78,1.01,-0.93,0.00
2.13,1.15,-0.86,4.38,0.35,0.00
-1.51,-1.13,-1.37,-0.09,2.05,1.00
-2.75,-1.44,-2.84,0.64,2.64,1.00
-2.42,-1.01,-0.74,1.85,0.51,1.00
-0.62,-1.79,-1.71,2.48,1.35,1.00
2.98,1.23,-1.19,2.99,-0.48,0.00
-2.54,-0.83,-2.42,1.30,2.51,1.00
1.60,1.13,-2.02,1.67,-0.12,0.00
-0.87,0.87,-1.06,1.27,-0.28,0.00
-2.27,-1.35,-0.77,1.74,-1.27,1.00
-2.93,-1.25,-1.60,2.09,0.09,1.00
-2.13,-1.25,-2.75,1.59,-1.20,1.00
1.32,2.61,-1.60,1.66,0.55,0.00
0.12,0.29,-4.12,2.08,1.10,0.00
-1.50,-1.38,-2.44,2.50,-0.24,1.00
-3.17,-0.90,-4.26,2.10,0.20,1.00
-1.46,-1.44,-2.17,2.76,-0.24,1.00
0.18,1.83,-0.05,1.58,2.54,0.00
0.37,1.53,-0.55,4.04,-1.32,0.00
0.67,1.05,-1.55,2.64,-1.99,0.00
-1.45,-0.98,-2.79,1.51,-0.79,1.00
2.06,1.92,-1.07,2.46,-0.02,0.00
1.34,1.45,-1.86,1.37,0.04,0.00
-1.96,-1.59,-1.45,2.48,1.03,1.00
1.71,2.33,-4.60,2.91,-0.59,0.00
-1.83,-2.55,-2.27,1.27,-1.76,1.00
1.81,0.97,-3.17,2.19,-0.71,0.00
1.52,1.36,-0.53,2.88,-1.68,0.00
-2.26,-0.70,-1.57,3.57,-1.23,1.00
0.72,1.18,0.71,1.72,-0.87,0.00
0.64,0.44,-2.13,2.70,0.13,0.00
2.04,1.38,-2.75,2.23,2.24,0.00
-0.85,-0.63,-2.58,1.92,-0.09,1.00
-1.91,-1.48,-1.54,2.14,-1.90,1.00
-1.11,-3.07,-1.84,2.69,-0.03,1.00
2.11,2.49,0.19,2.48,0.10,0.00
0.04,1.54,-1.56,4.08,-0.74,0.00
0.91,0.36,0.64,2.79,1.80,0.00
0.86,-0.81,-0.52,2.98,0.17,0.00
1.63,1.07,-0.12,4.16,0.06,0.00
-0.47,1.21,-1.48,1.66,-0.77,0.00
0.32,1.29,-3.52,2.92,0.43,0.00
-2.83,-1.08,-2.22,1.60,1.11,1.00
2.66,3.39,0.24,2.20,0.83,0.00
-3.59,-1.04,-0.49,1.65,0.30,1.00
-3.68,-0.94,-1.85,-0.19,1.18,1.00
-2.53,-1.34,-2.35,1.57,0.48,1.00
-1.94,-2.01,-3.06,1.76,-0.88,1.00
0.79,2.14,-2.36,2.90,0.26,0.00
2.13,1.07,-1.26,3.14,-1.96,0.00
-0.75,1.88,-1.18,2.39,-2.21,0.00
2.56,3.87,-0.32,2.28,-1.14,0.00
1.96,0.06,-1.90,3.85,-0.21,0.00
-2.09,-1.66,-2.93,2.74,1.70,1.00
-0.71,-2.66,-2.27,1.43,0.66,1.00
-0.12,1.11,-0.21,1.63,0.67,0.00
2.15,-0.98,-1.49,2.70,0.15,0.00
-0.60,2.54,-1.91,2.26,0.72,0.00
1.36,1.67,-1.54,3.52,-0.43,0.00
1.38,0.64,-2.65,1.25,2.46,0.00
-1.21,-1.25,-0.14,-0.85,1.48,1.00
-1.02,-1.63,-1.93,-0.21,-0.44,1.00
-2.45,-0.80,-1.55,1.01,0.93,1.00
-1.35,-0.88,-2.44,2.30,-0.96,1.00
-1.45,-1.52,-2.77,3.41,0.85,1.00
0.01,2.62,-0.11,1.35,0.97,0.00
-1.50,1.38,-0.38,0.98,-1.24,0.00
-2.74,-2.79,-3.81,1.32,1.39,1.00
-0.33,0.67,-0.61,0.74,-1.51,0.00
-1.95,-1.16,-2.94,0.30,-0.34,1.00
1.56,1.09,-0.02,1.75,1.06,0.00
0.90,0.70,-2.09,2.84,-0.46,0.00
1.31,2.79,-1.73,0.59,1.86,0.00
0.54,2.28,0.16,3.85,-1.25,0.00
-2.94,-1.57,-1.51,2.28,-0.70,1.00
0.39,1.97,-1.90,3.39,-0.70,0.00
-1.58,-1.54,-3.51,1.21,1.76,1.00
-1.91,-2.21,-0.32,2.49,0.21,1.00
-3.56,-1.32,-2.01,0.10,0.41,1.00
0.55,-0.58,-4.02,1.30,0.06,1.00
0.06,0.35,-0.21,1.76,0.26,0.00
-3.99,-0.35,-0.87,1.66,0.11,1.00
1.62,1.50,-0.28,1.84,0.17,0.00
-2.15,-0.04,-2.95,1.91,-0.13,1.00
-2.71,-0.60,-0.63,0.70,0.95,1.00
1.50,0.90,-1.91,1.20,0.02,0.00
-1.95,-2.28,-1.47,1.67,-0.10,1.00
0.99,2.48,-4.10,2.31,0.72,0.00
-1.95,-1.73,-2.99,-0.50,1.20,1.00
2.19,0.57,-0.80,3.54,-1.75,0.00
-1.79,-0.73,-1.61,1.32,-2.03,1.00
-1.72,0.13,-2.33,2.02,2.41,1.00
-2.31,-0.78,-0.91,2.79,0.45,1.00
0.36,2.39,-0.69,0.24,0.50,0.00
-2.96,-0.73,-1.06,1.09,1.52,1.00
1.93,2.80,-2.67,1.11,-1.23,0.00
-1.98,-2.78,-0.97,1.57,1.32,1.00
-2.84,-1.12,-1.44,0.74,0.62,1.00
0.92,3.07,0.14,1.21,-0.88,0.00
0.07,1.47,-1.18,1.08,0.59,0.00
0.80,1.26,0.17,4.08,-2.35,0.00
-2.58,-1.45,0.35,0.75,0.63,1.00
0.09,0.97,-1.51,2.00,-1.41,0.00
0.90,1.73,-2.57,2.23,-0.15,0.00
-2.77,-1.39,-1.48,0.21,-0.79,1.00
-1.30,-2.49,-1.96,2.29,2.07,1.00
1.66,2.41,-1.14,2.25,2.96,0.00
-1.10,-1.65,-1.60,0.54,0.21,1.00
-2.15,-1.53,-2.38,2.59,0.34,1.00
-2.47,-0.99,0.31,1.02,-1.86,1.00
-3.33,-2.13,-1.67,2.89,-0.76,1.00
-0.87,-2.66,-0.30,1.58,-0.20,1.00
-0.21,-0.52,-3.33,1.83,-0.42,1.00
-0.16,-2.07,-1.39,1.61,-1.01,1.00
-2.88,-1.51,-2.47,3.29,0.32,1.00
0.63,3.96,-0.59,2.22,1.51,0.00
1.71,0.14,-3.56,2.06,1.38,0.00
-2.39,-0.37,-1.64,3.33,-1.39,1.00
-3.41,-3.03,0.01,1.57,-0.09,1.00
-1.52,-3.61,-2.97,0.74,-0.38,1.00
-0.37,1.05,-2.23,1.26,0.25,0.00
-2.10,-0.10,-1.10,0.67,1.37,1.00
1.08,0.11,0.28,3.22,0.81,0.00
1.08,1.77,-2.24,2.23,-0.64,0.00
-3.40,0.32,-2.99,0.15,0.97,1.00
-0.86,1.57,-1.07,-0.20,-0.81,0.00
1.58,1.39,-1.93,2.67,0.54,0.00
-0.74,-1.63,-1.02,2.23,1.36,1.00
-1.86,-2.38,-2.09,0.68,1.24,1.00
2.31,2.14,-0.83,2.99,1.81,0.00
2.45,1.17,-1.34,3.09,-0.87,0.00
1.88,3.54,-1.05,1.99,0.82,0.00
0.82,1.36,-0.05,3.72,-1.41,0.00
-2.25,-2.56,-0.32,1.25,0.84,1.00
-2.60,-1.97,-2.56,2.92,0.02,1.00
0.49,0.95,-1.29,3.33,-0.08,0.00
1.27,1.74,-2.39,2.69,-0.70,0.00
0.72,1.75,0.40,1.47,-1.57,0.00
-0.74,0.17,-1.77,2.25,-0.30,1.00
-1.86,-0.90,-2.33,2.25,1.17,1.00
0.67,2.23,-2.47,2.63,-1.70,0.00
-2.16,-3.10,-4.56,0.73,0.67,1.00
-1.60,-2.79,-3.43,2.15,0.19,1.00
-2.70,-1.50,-1.73,1.92,0.28,1.00
0.46,1.23,-2.20,0.81,1.07,0.00
-1.68,-1.26,-0.48,2.18,2.39,1.00
1.37,1.18,0.03,1.44,0.18,0.00
2.07,-0.48,-2.67,2.84,-3.03,0.00
-2.13,-2.94,-3.09,3.49,0.24,1.00
2.02,1.84,-3.14,1.92,-1.80,0.00
1.25,0.83,-1.95,0.93,-0.14,0.00
-4.51,-1.80,-0.80,1.10,1.34,1.00
-3.40,-1.65,-3.24,2.27,-1.56,1.00
-0.41,1.19,-0.31,2.04,-1.94,0.00
2.51,1.44,-1.89,2.08,-0.32,0.00
2.13,-0.16,-1.28,3.11,-0.64,0.00
-1.87,-1.75,-3.04,2.28,1.47,1.00
1.66,1.48,-2.17,3.74,2.13,0.00
2.20,0.67,-0.28,1.77,0.82,0.00
2.19,0.84,-2.16,1.08,-0.16,0.00
-2.38,-3.46,-2.64,1.03,1.06,1.00
1.18,2.31,-1.77,3.02,0.79,0.00
1.44,1.93,-0.81,3.96,-0.52,0.00
1.13,-0.04,-2.01,1.84,-1.12,0.00
-2.69,0.77,-2.05,0.76,0.03,1.00
-1.47,-0.38,-0.31,0.41,0.43,1.00
-2.13,-0.68,-1.43,1.55,0.68,1.00
-2.04,-1.76,-0.88,1.83,0.84,1.00
-3.24,-0.84,-1.16,1.86,2.17,1.00
-3.59,-1.26,-2.69,1.84,-0.73,1.00
-1.13,0.07,-2.83,0.96,0.01,1.00
-0.61,1.06,0.21,0.54,0.74,0.00
1.74,1.65,-0.19,2.60,-0.28,0.00
1.48,1.29,-0.86,2.32,0.51,0.00
-4.18,-1.97,-2.58,0.87,1.41,1.00
-1.86,-0.65,-1.74,3.76,0.02,1.00
-2.59,-0.35,-2.73,2.16,0.40,1.00
0.38,1.69,-1.65,3.10,0.35,0.00
-1.82,-1.43,-1.33,2.21,0.70,1.00
1.25,-0.44,-0.93,1.30,0.35,0.00
-2.64,0.15,-3.14,3.14,2.49,1.00
-1.49,-0.06,-2.20,2.35,1.13,1.00
-1.45,-1.21,-1.11,0.78,0.42,1.00
-2.46,-1.86,-1.69,2.61,0.64,1.00
-1.57,0.09,-2.01,0.96,0.15,1.00
-0.69,0.18,-1.49,3.23,-0.29,0.00
-1.45,-1.51,-2.91,1.95,0.79,1.00
-2.76,-2.20,-1.56,1.65,-0.49,1.00
2.08,3.27,-1.36,0.75,1.38,0.00
1.03,1.39,1.60,2.50,0.13,0.00
1.35,2.16,-0.89,2.70,0.52,0.00
-1.64,-2.17,-0.56,2.69,0.67,1.00
2.69,2.10,-0.19,2.78,-1.50,0.00
1.04,1.27,0.21,1.47,-0.93,0.00
-1.72,-1.06,-1.37,0.17,-0.89,1.00
0.80,3.40,-2.90,1.15,-1.13,0.00
-1.72,-1.85,-3.38,1.28,-0.95,1.00
2.21,3.35,-1.06,2.93,0.43,0.00
0.33,1.72,-1.31,1.90,1.23,0.00
1.07,2.77,-0.95,2.56,0.76,0.00
0.15,2.17,-2.83,3.93,-1.79,0.00
2.12,1.74,-1.33,2.43,0.23,0.00
-1.06,-0.86,-2.78,2.64,-0.30,1.00
0.53,2.04,-2.08,2.54,-0.79,0.00
-0.19,-2.23,-1.83,1.09,-0.16,1.00
-1.84,-2.85,-2.19,0.76,-0.63,1.00
-1.97,-0.86,-0.75,1.88,1.39,1.00
1.30,1.42,-1.58,1.94,-0.57,0.00
0.56,2.31,0.32,2.38,0.56,0.00
-1.94,-0.97,-2.98,1.96,-1.02,1.00
0.45,1.34,-1.83,2.29,-0.35,0.00
0.23,1.92,-4.51,1.88,0.10,0.00
-0.85,3.64,-2.02,2.60,-0.56,0.00
-0.41,2.23,-1.79,3.00,-0.68,0.00
1.12,1.23,-2.22,1.67,-1.40,0.00
-3.02,-1.65,-2.54,1.21,1.73,1.00
-1.33,-1.17,-0.87,4.20,-0.18,1.00
-1.86,-0.93,-1.00,1.03,0.57,1.00
-1.83,-2.03,-1.98,3.95,-0.20,1.00
-1.78,-2.25,-1.15,1.25,-1.20,1.00
-3.46,-2.24,-2.43,0.87,0.42,1.00
0.14,3.15,-0.46,3.11,0.07,0.00
-2.29,-0.76,-1.24,-0.46,1.90,1.00
-0.18,-1.63,-1.72,0.12,0.35,1.00
2.23,-0.08,-2.01,1.41,-0.26,0.00
-1.12,-0.06,-1.79,2.88,-0.29,1.00
1.39,2.22,-2.57,2.13,1.49,0.00
-2.64,-0.70,-1.46,1.91,-0.66,1.00
-2.12,-1.78,-3.73,2.35,0.25,1.00
-2.17,-1.49,-2.89,1.67,1.91,1.00
0.04,-1.96,0.50,0.69,0.92,1.00
-2.58,-1.47,-3.65,0.86,-1.18,1.00
-1.31,1.44,-1.31,1.63,0.21,0.00
0.06,2.17,-0.50,3.73,0.46,0.00
-1.42,-0.16,-1.61,0.41,-0.28,1.00
1.03,1.24,-0.72,1.99,-0.11,0.00
2.85,2.46,-1.11,1.31,-0.58,0.00
-2.65,-1.22,-1.93,0.72,-0.64,1.00
1.72,1.74,-0.53,2.07,-0.63,0.00
0.00,2.24,-2.30,1.11,0.26,0.00
1.82,1.98,-1.46,2.51,-0.42,0.00
-0.69,-2.44,-2.05,1.03,-0.45,1.00
-1.87,-1.69,-2.81,1.45,2.65,1.00
0.31,2.34,-1.25,3.19,0.95,0.00
-2.21,-2.61,-3.20,1.25,-0.72,1.00
0.65,0.20,-2.16,2.56,1.68,0.00
-1.69,-1.70,-2.42,1.24,-0.40,1.00
2.68,0.77,1.53,2.19,-0.18,0.00
-2.55,-2.44,-2.66,1.29,-0.51,1.00
-1.92,-1.93,-2.02,1.95,-0.69,1.00
1.37,0.91,-2.90,2.95,0.71,0.00
-3.70,-1.23,-1.30,-0.20,-0.55,1.00
0.21,1.66,-1.72,1.83,-0.89,0.00
-1.80,-1.09,-1.92,0.43,0.71,1.00
-1.75,-0.46,-2.70,2.27,1.16,1.00
1.64,0.33,-0.67,0.94,2.29,0.00
-1.05,1.93,-0.64,3.33,-0.23,0.00
0.96,2.27,-0.97,3.33,-0.59,0.00
-2.67,-2.79,-2.74,-0.05,0.52,1.00
-2.29,-2.72,-1.55,0.98,-0.98,1.00
1.19,0.56,-1.21,3.01,-0.89,0.00
-2.15,0.22,-2.97,3.00,1.07,1.00
1.04,2.57,-0.44,2.05,-0.95,0.00
-0.59,-3.24,-1.52,3.03,0.12,1.00
1.31,2.10,-1.02,1.83,0.47,0.00
1.08,3.13,0.19,2.91,-0.95,0.00
-2.39,-2.23,-1.13,1.31,1.21,1.00
1.03,1.96,-1.58,2.57,0.64,0.00
1.27,1.14,-0.72,1.13,1.86,0.00
-3.73,-0.37,-1.51,0.99,-0.94,1.00
-0.18,0.85,-1.18,2.27,0.77,0.00
-0.10,-1.23,-1.28,0.79,-1.95,1.00
-2.93,-0.78,-2.29,2.23,1.35,1.00
-2.32,-0.00,-2.91,2.37,0.61,1.00
0.93,0.77,-0.70,1.66,0.60,0.00
-1.91,-1.25,-2.54,1.32,-0.84,1.00
0.30,2.06,-1.31,1.13,-0.03,0.00
1.58,0.90,-1.45,1.14,-1.35,0.00
-0.88,-1.33,-4.11,3.03,-0.11,1.00
0.68,1.15,-1.33,1.06,-1.75,0.00
-1.15,-1.54,-1.26,1.83,1.12,1.00
-3.53,-1.35,-0.37,2.51,-0.51,1.00
0.94,0.54,-0.49,2.31,1.97,0.00
-2.18,-2.61,-2.24,2.22,1.54,1.00
1.53,1.34,0.11,2.68,0.92,0.00
2.82,1.92,-0.41,0.52,0.17,0.00
0.75,2.09,-2.81,4.43,0.56,0.00
2.01,0.74,-3.40,3.65,0.92,0.00
-0.48,-0.31,-0.36,2.94,1.08,1.00
-2.96,-1.85,-0.09,3.47,1.35,1.00
1.78,1.35,-1.28,3.35,1.00,0.00
-3.31,-0.78,-1.50,1.07,1.06,1.00
1.33,0.67,-0.92,0.88,-0.15,0.00
-1.72,1.19,-0.99,0.74,0.16,1.00
-1.19,0.11,-0.08,1.61,0.63,1.00
2.77,-0.61,-2.39,1.96,0.30,0.00
-2.41,-0.80,-1.27,1.49,-0.96,1.00
-1.78,-2.16,-3.16,0.14,0.44,1.00
0.02,-2.29,-1.85,-0.21,0.14,1.00
-0.92,-1.50,-2.57,3.74,1.21,1.00
0.73,1.63,-0.72,1.83,1.31,0.00
-2.23,-1.79,-2.33,2.33,0.69,1.00
-2.63,-1.96,-2.52,2.08,0.67,1.00
0.96,1.96,0.42,1.73,1.23,0.00
-2.47,-0.78,-3.22,3.86,0.68,1.00
1.28,1.26,-0.22,2.53,0.06,0.00
-0.84,1.91,-0.92,2.24,-0.38,0.00
2.21,1.31,-1.67,2.85,-1.21,0.00
0.11,-0.42,-1.50,2.05,-0.16,0.00
2.16,1.91,-1.89,-0.57,-0.54,0.00
1.29,3.19,-1.65,0.78,-1.69,0.00
1.68,1.08,0.24,2.79,-1.38,0.00
-0.76,0.63,-2.41,0.74,-0.30,1.00
0.59,1.15,-2.42,2.04,-1.27,0.00
1.85,3.18,-0.12,1.42,-2.46,0.00
1.27,2.14,-1.77,0.65,1.36,0.00
-0.48,-1.54,-1.40,1.97,-0.29,1.00
-1.64,-0.89,-1.18,0.06,0.52,1.00
0.54,1.54,-2.45,2.11,-1.26,0.00
0.13,1.36,-1.33,2.05,-0.44,0.00
2.13,0.73,0.41,4.16,-0.90,0.00
-3.71,-1.32,-4.35,1.57,0.76,1.00
-1.79,-0.78,-1.10,0.95,-0.43,1.00
-2.57,-1.18,-1.63,0.09,-0.30,1.00
2.54,-0.17,-3.08,1.72,-0.66,0.00
-4.03,-0.18,-1.00,1.53,2.06,1.00
2.18,1.08,-0.41,3.50,0.06,0.00
0.64,1.73,-0.58,2.34,-1.48,0.00
-1.42,-1.00,-1.37,2.62,-0.12,1.00
-1.52,-0.93,-0.93,2.03,-0.48,1.00
-3.42,-1.02,-0.14,0.43,-0.51,1.00
-1.03,-0.86,-1.98,2.96,-0.74,1.00
0.92,0.34,-2.97,3.30,0.14,0.00
-1.74,-2.25,-0.37,1.27,0.31,1.00
0.94,2.48,-1.99,3.01,-0.58,0.00
-2.13,-0.28,-3.60,1.72,-0.21,1.00
-3.69,-2.12,-2.77,1.88,0.55,1.00
-1.55,-2.12,-1.72,0.86,0.06,1.00
1.43,-0.44,-0.49,2.44,-2.72,0.00
1.59,3.06,-1.91,0.96,0.08,0.00
1.88,-0.62,-0.87,3.12,-1.10,0.00
0.89,-0.39,-2.30,2.27,1.78,0.00
1.53,0.93,-1.76,1.26,-1.54,0.00
-2.48,-2.75,-2.60,3.32,-0.44,1.00
1.69,1.57,1.52,1.67,-0.53,0.00
1.91,1.20,-1.43,0.69,1.73,0.00
-2.12,-3.41,-0.83,3.21,-0.48,1.00
0.78,0.82,-2.04,1.64,-0.18,0.00
1.31,2.14,-1.68,1.57,0.24,0.00
1.15,-0.05,-1.76,2.18,1.64,1.00
-0.21,1.34,-2.40,0.46,0.49,0.00
-3.93,-1.02,-0.65,2.22,-0.38,1.00
-1.09,-2.05,-2.20,0.63,1.95,1.00
-3.17,-1.60,-1.48,-0.64,-1.04,1.00
0.98,0.27,-2.69,2.23,-0.11,0.00
-3.71,-2.51,-1.97,0.35,0.57,1.00
1.39,1.38,-2.71,1.40,0.07,0.00
1.82,2.76,-1.04,4.01,-0.78,0.00
-1.39,-1.43,-3.85,3.44,-0.36,1.00
-3.19,-0.55,-1.39,1.83,1.59,1.00
2.65,1.00,-1.43,3.17,-1.16,0.00
-0.54,-1.83,-1.78,-0.07,-0.49,1.00
1.39,1.91,-1.84,1.91,-1.66,0.00
-0.96,-2.56,-2.88,2.02,-0.45,1.00
2.03,1.06,-2.24,1.54,-0.72,0.00
-1.99,-0.82,-1.17,0.81,-0.40,1.00
-2.00,-0.83,-1.90,1.24,1.51,1.00
-2.32,-3.29,-1.92,2.76,2.81,1.00
1.05,1.67,-1.57,2.71,-0.43,0.00
2.66,0.34,-1.59,2.02,-1.67,0.00
-1.14,-0.16,-2.37,0.22,-0.39,1.00
-0.84,-1.58,-2.41,3.24,-1.11,1.00
1.87,0.72,-1.78,2.14,-0.71,0.00
-3.38,-2.67,-1.67,2.23,2.11,1.00
1.93,1.65,-3.10,2.73,-0.71,0.00
1.12,0.69,-2.45,2.01,1.25,0.00
0.65,0.60,-0.58,0.84,-1.10,0.00
1.11,2.14,-1.77,1.80,-1.41,0.00
-0.79,-0.81,-3.30,2.32,0.34,1.00
-2.63,-0.79,-1.19,-0.18,-0.24,1.00
0.50,1.47,1.71,2.13,-0.60,0.00
-1.41,-2.18,-3.09,1.62,-0.29,1.00
0.80,0.93,-2.59,2.73,-0.25,0.00
1.91,2.96,-0.17,0.71,-0.50,0.00
-0.82,-2.89,-2.03,0.55,-0.29,1.00
0.77,-1.76,-1.02,0.47,-0.43,1.00
3.15,1.18,-0.60,3.44,0.32,0.00
-2.78,-2.27,-0.43,0.60,2.82,1.00
-4.67,0.38,-3.06,0.97,1.38,1.00
-3.26,-0.26,-3.62,1.59,1.58,1.00
-4.32,-1.40,-1.38,2.98,0.20,1.00
0.74,2.45,-2.23,2.66,0.31,0.00
1.61,2.40,-3.32,2.24,0.71,0.00
2.92,1.91,-1.78,5.08,0.50,0.00
0.14,2.45,-1.13,1.45,-1.40,0.00
-0.69,1.60,-1.57,4.60,-0.21,0.00
-3.06,-0.16,-1.41,3.08,-0.59,1.00
-2.77,-3.49,-1.36,1.33,-0.50,1.00
-1.40,-3.64,-1.50,1.56,-0.50,1.00
0.95,0.27,-0.90,2.45,-0.45,0.00
2.07,0.17,-3.66,1.28,0.29,0.00
0.49,-0.29,-0.64,1.34,-0.05,0.00
2.49,1.42,-1.43,3.61,-0.48,0.00
-1.97,-0.95,-1.30,1.02,1.32,1.00
-2.96,0.35,-0.98,2.44,1.85,1.00
-1.96,-1.05,-2.77,1.80,-1.19,1.00
-2.62,-1.58,-2.06,0.86,0.24,1.00
-3.40,-2.53,-2.46,0.96,0.53,1.00
-3.49,-1.40,-2.25,2.75,-0.38,1.00
-4.19,-0.94,-3.66,1.47,1.14,1.00
-2.99,-0.24,-3.30,2.66,-0.91,1.00
1.72,-0.34,-1.48,1.33,-1.91,0.00
1.91,3.17,-0.69,0.57,0.48,0.00
-1.70,-0.75,-1.74,1.31,0.03,1.00
-1.25,-0.86,-3.35,1.62,0.33,1.00
-3.19,-0.73,-1.33,1.69,-2.21,1.00
-1.22,-2.66,-2.41,2.94,-0.50,1.00
-4.97,-0.10,-1.75,2.44,0.37,1.00
2.48,1.23,-0.95,3.02,0.50,0.00
-2.53,-0.88,-1.94,0.42,0.78,1.00
1.24,-0.15,-1.69,3.46,0.62,0.00
-2.51,-0.59,-2.07,2.54,-2.02,1.00
1.35,0.47,-0.85,2.45,1.06,0.00
2.65,1.78,-0.52,0.58,-0.87,0.00
3.27,2.37,-1.53,1.20,-1.35,0.00
-2.75,-1.37,-3.02,2.22,0.24,1.00
2.72,1.21,-1.82,3.35,-1.03,0.00
-3.40,-1.15,-1.82,2.30,-0.35,1.00
2.27,0.28,-1.72,3.40,-2.53,0.00
0.69,0.73,-2.39,2.45,-0.17,0.00
1.76,0.99,-0.55,0.74,0.11,0.00
-2.33,-0.71,-1.37,1.00,0.66,1.00
1.26,1.43,-0.52,2.68,1.08,0.00
-2.17,-2.49,-0.03,1.43,-1.75,1.00
0.58,0.81,-0.31,1.94,0.31,0.00
0.74,1.85,-0.34,1.73,-0.98,0.00
1.89,0.01,-0.69,1.43,-1.09,0.00
1.62,2.54,-3.35,2.77,-0.73,0.00
-2.33,-2.20,-3.13,1.09,0.38,1.00
-0.27,-0.08,-2.90,2.83,0.56,0.00
1.79,0.99,-0.97,4.50,-0.36,0.00
0.43,-0.17,-1.13,2.66,1.06,0.00
-3.32,-1.65,-3.05,0.40,0.78,1.00
-2.24,-1.08,-1.70,3.20,-1.25,1.00
0.04,0.49,0.38,3.90,-0.75,0.00
-1.85,-2.12,-2.34,2.53,-0.73,1.00
-0.19,-1.32,-1.95,0.90,0.86,1.00
-2.73,-2.46,-1.50,1.52,-0.18,1.00
-2.02,-2.44,-2.59,1.95,-0.94,1.00
1.41,2.05,-1.93,3.90,0.59,0.00
1.90,1.30,0.77,2.57,1.11,0.00
2.32,1.89,-1.07,1.82,-0.05,0.00
-0.10,-0.58,-1.28,1.58,0.21,1.00
1.21,2.14,-1.04,4.12,-1.43,0.00
-1.59,-0.34,-1.05,1.30,0.40,1.00
0.32,0.23,-1.31,2.63,-0.73,0.00
1.66,1.58,-1.20,3.00,0.80,0.00
-0.06,1.53,1.01,3.77,-0.84,0.00
-0.32,1.00,-0.81,3.08,0.26,0.00
1.79,0.76,-0.41,2.12,-0.83,0.00
-1.60,-3.01,-1.41,2.89,1.54,1.00
-1.70,-2.86,-4.68,0.79,-0.33,1.00
-3.03,-2.17,-1.50,2.66,0.09,1.00
1.57,1.64,-0.69,1.31,0.77,0.00
-2.28,-1.78,-3.29,2.22,0.01,1.00
2.08,0.65,-0.41,3.39,-1.00,0.00
1.14,1.92,-1.54,0.68,-0.19,0.00
-2.02,-0.38,-2.55,2.46,0.87,1.00
-2.60,0.06,-1.45,1.15,1.41,1.00
-1.20,-1.29,-0.73,1.61,-0.71,1.00
-2.71,-0.28,-1.02,2.21,0.22,1.00
-2.38,-1.19,-2.82,2.41,0.28,1.00
-2.64,-1.53,-1.65,0.86,-1.05,1.00
2.03,0.54,-2.22,3.79,-1.12,0.00
-1.03,-1.81,-1.72,2.38,0.15,1.00
2.13,0.48,-0.27,0.88,0.40,0.00
0.97,3.03,-2.11,4.18,0.79,0.00
1.74,1.36,-0.81,1.75,1.36,0.00
-1.28,-0.92,-2.20,3.76,1.11,1.00
-0.15,1.61,-1.84,2.42,-1.06,0.00
0.50,-0.95,-0.80,1.31,1.10,0.00
-2.74,-2.19,-0.99,2.06,0.52,1.00
-1.35,-0.78,-1.79,1.92,-1.23,1.00
-2.06,-0.34,0.75,1.60,-1.14,1.00
0.19,1.17,-1.35,3.09,-0.39,0.00
-2.40,-1.34,-2.91,2.55,-0.04,1.00
1.34,0.00,-0.89,3.51,0.46,0.00
1.81,3.64,-2.16,2.57,1.81,0.00
0.03,0.94,-3.19,2.94,1.30,0.00
2.09,2.83,-1.19,2.62,1.19,0.00
-0.48,-2.77,-2.54,2.39,-0.38,1.00
1.38,2.18,-1.92,3.39,0.32,0.00
-2.57,-1.01,-3.63,1.24,-0.64,1.00
0.87,0.43,0.94,2.67,0.86,0.00
-2.07,-1.43,-1.77,2.34,0.42,1.00
0.18,0.29,-0.79,1.85,0.56,1.00
2.27,-0.56,-1.91,2.06,-0.65,0.00
0.56,0.91,-0.00,1.84,1.09,0.00
-1.26,-0.14,-1.82,2.31,-1.10,1.00
-3.00,-0.23,-2.34,0.65,1.82,1.00
2.66,1.28,-2.53,3.75,-1.76,0.00
2.09,1.93,0.36,3.31,0.81,0.00
-1.13,-0.72,0.05,1.74,0.03,1.00
-3.67,-1.93,-2.33,1.84,-0.26,1.00
0.77,3.49,-0.48,0.98,0.12,0.00
-2.14,-0.38,-1.04,2.79,1.81,1.00
-1.61,-1.55,-2.69,1.49,-1.78,1.00
0.67,-1.18,-1.62,1.95,1.01,1.00
1.50,2.58,-0.97,1.68,-0.35,0.00
2.47,1.91,-1.64,2.81,-1.01,0.00
2.41,1.08,-1.45,1.25,0.11,0.00
0.39,-1.16,-2.15,3.14,1.21,0.00
0.07,-2.71,-2.83,2.41,-0.46,1.00
0.34,2.68,-1.00,1.91,-0.16,0.00
-1.42,-1.36,-2.26,0.97,1.46,1.00
-1.58,1.16,-1.39,1.98,0.90,1.00
-0.18,-0.38,-3.83,1.30,-0.26,1.00
-0.64,-2.93,-1.18,1.70,0.43,1.00
-1.61,-2.75,-2.85,-0.11,-0.19,1.00
-0.28,0.36,-2.86,1.80,-0.81,0.00
0.61,2.75,-0.65,1.35,-0.37,0.00
1.67,2.26,1.54,3.14,1.20,0.00
-1.91,-0.05,-1.50,0.50,-0.04,1.00
2.68,1.42,-2.14,2.19,-0.04,0.00
-1.26,-0.11,-2.53,0.07,0.34,1.00
-2.67,-1.64,-2.16,0.03,-0.13,1.00
-3.48,-2.13,-1.53,1.08,-0.37,1.00
-2.31,-0.90,-3.14,1.89,-0.48,1.00
3.88,2.21,-1.40,1.35,-0.68,0.00
2.32,2.08,-1.29,4.04,0.96,0.00
-3.29,-0.69,-2.07,1.26,-0.04,1.00
-1.42,-2.25,-0.69,0.28,0.44,1.00
-0.22,2.30,-0.18,1.15,0.56,0.00
0.13,0.34,-1.12,3.22,0.43,0.00
0.22,1.53,-2.66,2.58,0.89,0.00
0.66,-0.74,-0.28,2.64,-0.17,0.00
0.62,0.95,-2.40,2.76,0.30,0.00
-2.64,-1.16,-2.61,2.15,-0.15,1.00
-2.72,-0.28,-0.89,0.91,1.13,1.00
-4.44,-0.60,-0.61,1.78,-0.79,1.00
-2.48,-1.88,-1.85,1.70,1.16,1.00
2.73,1.03,-1.73,1.08,-0.78,0.00
2.58,3.20,-0.68,4.46,-0.05,0.00
-1.59,-0.56,-2.47,1.40,0.36,1.00
-2.76,-1.12,-2.24,1.27,0.26,1.00
-2.46,-1.50,-1.32,3.66,0.08,1.00
2.17,0.57,-2.19,4.54,-1.11,0.00
-0.19,1.36,-0.98,1.60,-0.38,0.00
-3.25,-1.27,-2.68,1.10,0.16,1.00
-2.08,1.06,-0.74,0.37,1.02,1.00
-0.01,2.43,-1.28,3.51,-0.43,0.00
-2.78,-0.14,-2.97,2.85,1.02,1.00
-3.79,-0.58,0.08,0.59,0.15,1.00
-1.41,-1.21,-0.08,2.71,1.64,1.00
2.66,1.64,-2.36,3.71,-0.86,0.00
1.53,1.37,-2.31,2.48,0.09,0.00
-3.86,-0.77,-2.56,0.81,-0.08,1.00
0.35,0.70,-1.88,2.63,-0.82,0.00
2.43,1.22,-0.89,0.33,0.68,0.00
0.95,1.39,-2.72,2.72,-1.94,0.00
-1.97,-1.71,-2.10,3.13,1.68,1.00
-3.17,-3.26,-2.34,1.36,1.25,1.00
1.19,1.17,-2.77,1.19,1.03,0.00
-1.00,-0.25,-0.81,1.75,2.16,1.00
2.48,-0.13,-1.15,1.86,-0.01,0.00
1.84,1.40,0.11,1.68,-0.48,0.00
0.52,1.56,-2.55,1.21,-1.02,0.00
0.41,1.17,0.58,2.87,-0.88,0.00
0.37,2.64,1.07,0.76,1.52,0.00
0.62,-3.65,-3.26,-0.30,1.96,1.00
1.97,2.20,-1.78,2.14,-1.28,0.00
-0.38,-0.13,-1.84,2.15,0.16,1.00
-0.22,0.94,-1.36,1.01,-0.46,0.00
-2.23,-0.57,-2.52,0.74,0.66,1.00
0.56,1.19,-1.21,3.18,0.88,0.00
-3.05,-1.45,-2.96,2.09,0.32,1.00
2.29,1.97,-0.20,3.55,1.13,0.00
-3.99,-2.84,-1.88,1.45,-0.02,1.00
-2.31,-1.01,-1.76,0.36,-1.46,1.00
-2.26,-2.00,-2.51,2.90,0.50,1.00
1.89,0.79,-2.11,1.04,0.30,0.00
3.27,0.50,-3.14,1.49,-0.44,0.00
0.42,1.97,-1.53,1.01,2.67,0.00
0.16,1.89,-3.62,1.08,-1.51,0.00
-3.28,-1.07,-2.86,1.17,-0.22,1.00
-1.93,0.56,-2.66,0.69,-0.50,1.00
-1.75,-0.57,-3.36,1.05,0.98,1.00
-2.06,-1.04,-1.90,0.10,1.02,1.00
1.69,1.52,-1.29,3.92,0.28,0.00
-4.01,-1.09,-2.73,2.97,1.13,1.00
-2.70,-0.80,-2.63,1.55,-0.20,1.00
-0.68,1.96,-2.66,2.72,-1.17,0.00
2.12,1.67,-0.44,3.83,-0.74,0.00
0.94,1.81,-1.06,2.89,2.07,0.00
-2.40,-4.05,-2.39,-0.72,0.08,1.00
2.81,0.86,-1.85,2.68,1.16,0.00
-0.69,0.49,-2.36,-0.56,-1.68,1.00
-2.73,-1.63,-2.61,2.77,0.56,1.00
-0.04,2.18,-0.88,0.33,0.98,0.00
0.12,1.02,-2.42,2.07,0.52,0.00
-0.25,-0.94,0.02,1.97,-0.13,1.00
0.09,0.79,-0.81,3.42,1.16,0.00
-1.32,-2.34,-0.89,1.66,-1.04,1.00
-2.31,-2.00,-2.15,1.70,-0.74,1.00
-2.27,-2.56,-0.75,1.39,-0.50,1.00
0.91,2.02,-0.91,2.25,-0.88,0.00
-0.78,-0.92,-2.29,1.73,1.30,1.00
0.63,0.53,-3.90,2.54,-0.41,0.00
-4.06,-2.20,-3.24,1.69,-0.72,1.00
-2.08,-3.50,-4.64,0.99,-0.47,1.00
-4.66,-1.00,-1.29,0.52,0.63,1.00
-1.21,-0.59,-0.04,2.09,0.18,1.00
0.89,0.34,-0.67,1.96,0.28,0.00
-0.57,2.21,-2.15,1.39,-0.40,0.00
-2.26,0.79,-2.48,0.48,-1.13,1.00
-1.36,-2.46,-2.75,1.36,0.54,1.00
-0.79,-2.09,-0.68,2.06,2.13,1.00
-0.42,-1.51,-1.08,2.07,-0.06,1.00
1.00,0.83,-0.37,3.80,0.12,0.00
-4.29,0.01,-3.42,2.39,-0.50,1.00
-3.48,0.19,-2.55,1.79,-0.57,1.00
-0.32,-0.75,-0.47,2.33,-0.69,0.00
-3.25,-1.17,-1.48,1.28,0.56,1.00
0.59,2.07,-0.91,2.42,-2.69,0.00
0.82,1.90,0.45,3.51,1.56,0.00
0.77,0.53,-3.27,1.88,0.35,0.00
1.06,3.41,-2.15,2.59,-1.21,0.00
-2.77,-2.40,-1.27,1.53,0.03,1.00
-1.42,-0.84,-1.73,2.05,-0.17,1.00
-2.26,-1.37,-2.09,0.64,1.40,1.00
2.44,2.63,-1.88,1.01,2.37,0.00
-2.35,-0.78,-1.28,3.64,-0.53,1.00
-1.20,-1.55,-2.09,2.85,0.34,1.00
3.15,2.42,-2.52,1.31,-0.10,0.00
-1.03,1.86,-1.38,3.46,-0.97,0.00
2.48,0.97,-0.30,2.04,-0.69,0.00
-2.61,-0.83,-2.43,1.22,-0.84,1.00
-1.00,-0.34,-2.79,1.84,-1.05,1.00
-1.62,-0.85,-4.15,2.76,2.58,1.00
2.50,-0.52,-1.85,4.12,-0.42,0.00
1.28,1.56,-2.06,3.28,0.37,0.00
-4.61,0.27,-3.01,1.10,-0.10,1.00
-1.61,-0.90,-1.66,1.77,0.08,1.00
1.54,1.64,-0.74,4.73,0.22,0.00
-1.40,-2.55,-2.31,3.40,-0.24,1.00
2.07,1.65,-1.35,1.10,0.16,0.00
0.54,1.42,-1.51,0.69,-0.14,0.00
2.39,1.83,-0.87,1.07,-1.33,0.00
0.57,1.89,0.29,1.54,-0.01,0.00
-1.06,-0.60,-2.32,1.95,0.19,1.00
-0.18,1.37,-1.84,2.71,-0.17,0.00
2.33,0.75,-1.76,2.69,-0.23,0.00
3.10,1.80,-1.13,3.61,-1.32,0.00
0.61,2.49,0.11,2.55,0.73,0.00
1.39,1.65,-2.54,1.79,0.80,0.00
-1.66,-1.61,-2.70,2.62,0.00,1.00
-2.50,0.08,-0.54,0.41,0.84,1.00
-0.18,0.47,-0.62,0.75,3.18,0.00
-3.46,-1.78,-2.59,0.54,-0.95,1.00
3.60,2.46,-2.15,2.20,0.29,0.00
-2.77,-1.81,-1.84,2.39,-0.75,1.00
0.55,0.24,-0.75,4.15,0.19,0.00
1.05,1.77,-2.21,0.72,-0.43,0.00
-1.75,-2.10,-1.79,1.93,-0.89,1.00
2.37,-0.47,-1.57,2.71,1.83,0.00
-0.52,-1.39,-1.54,1.60,0.07,1.00
2.24,2.12,-0.16,2.97,-0.60,0.00
1.81,2.66,-2.04,2.44,-1.80,0.00
0.25,1.00,-1.71,2.02,-1.23,0.00
-2.19,-1.16,-1.93,0.40,1.66,1.00
-1.66,-2.04,-0.73,1.98,1.48,1.00
-3.44,-2.59,-3.36,2.77,-0.20,1.00
2.08,1.69,0.83,1.31,-0.48,0.00
0.99,0.74,-1.23,0.95,-1.14,0.00
1.81,2.41,-2.26,1.94,-0.54,0.00
-0.30,1.20,-0.94,2.21,-0.32,0.00
-2.68,-0.76,-0.27,1.32,0.47,1.00
-2.35,-2.40,-2.31,0.19,-0.54,1.00
2.34,0.70,-0.45,1.95,0.31,0.00
3.30,0.96,-0.62,0.65,-0.48,0.00
-3.04,-2.75,-1.10,1.95,-0.81,1.00
0.92,1.96,-0.98,1.48,-1.24,0.00
1.68,-0.37,-2.41,3.15,0.60,0.00
-0.16,-0.64,-0.23,3.49,-0.23,0.00
-2.10,0.22,-2.69,1.83,-0.92,1.00
-0.43,1.92,-0.58,2.05,-1.48,0.00
-0.20,-0.10,-1.23,3.75,0.97,1.00
2.00,2.67,-0.83,2.67,-0.89,0.00
0.75,2.35,-4.17,1.58,-1.95,0.00
0.51,1.79,0.24,1.40,-1.97,0.00
0.05,-2.05,-3.32,0.85,-0.35,1.00
-3.84,0.72,-1.02,1.62,0.63,1.00
-2.95,-2.79,-1.68,2.38,-0.68,1.00
-2.29,-1.48,-2.00,0.42,0.98,1.00
0.12,-0.24,-2.45,2.78,-1.03,0.00
1.00,1.94,-0.57,2.45,0.92,0.00
-1.13,-1.35,-5.53,2.17,0.08,1.00
-2.68,-1.57,-1.45,1.83,0.77,1.00
1.41,1.15,-1.13,3.58,0.35,0.00
-1.35,-1.73,-3.06,0.81,-0.52,1.00
-2.46,-1.96,-1.93,1.43,1.14,1.00
-1.64,-1.05,-1.96,1.86,-0.51,1.00
-1.63,-1.96,-1.89,-0.17,0.74,1.00
-2.61,0.08,-2.88,0.26,-1.03,1.00
-1.37,-0.78,-3.00,1.48,0.54,1.00
1.30,1.31,-1.73,1.70,0.29,0.00
-1.82,-0.78,-1.57,3.42,0.48,1.00
-2.70,-0.82,-2.57,0.46,-0.42,1.00
1.19,0.89,-1.99,1.61,0.02,0.00
-1.03,-1.45,-1.11,2.10,-0.35,1.00
-2.86,-0.97,-2.53,1.75,-1.16,1.00
1.83,2.19,-0.52,3.00,0.61,0.00
-0.82,0.35,-2.28,1.70,-0.06,0.00
-0.53,1.35,-0.55,3.46,-0.44,0.00
-1.05,-1.00,-2.11,1.42,-0.46,1.00
-3.34,-1.23,-0.80,1.08,0.43,1.00
2.68,2.35,0.75,3.03,-1.15,0.00
1.02,2.23,-0.04,1.72,0.25,0.00
1.30,1.24,-2.35,0.99,0.70,0.00
0.27,1.16,-0.43,3.45,-0.49,0.00
-2.14,-1.24,-2.46,3.37,-0.54,1.00
-2.04,-2.20,-2.99,-0.31,1.89,1.00
1.11,0.05,-0.86,2.34,-0.09,0.00
-2.07,-1.56,-2.13,2.05,2.17,1.00
-3.70,-1.26,-2.74,1.23,0.80,1.00
1.16,0.33,-1.15,2.08,-0.07,0.00
-1.03,0.17,-1.79,1.60,-0.87,1.00
1.38,1.65,-2.38,3.07,1.26,0.00
2.01,3.50,0.06,1.86,-0.66,0.00
-2.67,-0.94,-2.24,2.78,-0.33,1.00
2.08,1.57,-1.92,3.46,-1.72,0.00
1.42,2.02,0.02,1.28,0.01,0.00
-1.25,-1.15,-1.62,1.63,1.70,1.00
-2.37,-1.02,-2.09,1.58,0.78,1.00
-1.95,-0.63,-1.87,1.40,-0.35,1.00
-0.33,0.73,-0.54,2.16,0.08,0.00
-2.23,0.90,-2.86,1.71,-0.38,1.00
-2.38,-1.05,-2.90,0.92,0.54,1.00
-2.24,-0.12,-2.02,0.50,-0.22,1.00
-0.73,0.92,-1.19,1.91,-1.95,0.00
1.97,-0.57,-2.77,1.18,-0.34,0.00
1.29,1.78,-2.63,1.41,-0.48,0.00
-1.32,-2.10,-3.10,1.94,1.37,1.00
3.01,2.36,-2.56,2.04,0.49,0.00
0.91,-0.22,-2.64,4.34,0.36,0.00
-2.53,-2.39,-1.56,-0.71,0.04,1.00
1.28,0.17,-1.00,2.66,-0.04,0.00
1.18,3.21,-0.52,0.35,-0.78,0.00
0.45,1.91,-0.62,2.75,0.56,0.00
2.12,2.14,-0.04,0.48,1.99,0.00
-0.44,2.77,-1.70,2.55,-0.84,0.00
-2.09,0.55,-2.48,0.82,-0.72,1.00
1.06,0.93,-0.75,2.25,-0.51,0.00
0.35,1.88,-1.46,2.86,-1.74,0.00
-1.12,-0.18,-1.00,3.15,1.14,0.00
-2.68,-1.64,-3.12,3.20,1.17,1.00
-1.69,-0.34,-2.36,1.96,1.26,1.00
-1.38,-1.46,-2.37,3.17,0.81,1.00
-2.23,-2.63,-3.04,1.91,-0.07,1.00
-1.80,-0.95,-2.57,1.92,-1.76,1.00
-0.23,2.10,-0.59,1.99,-1.97,0.00
1.57,1.84,-2.27,3.76,1.38,0.00
0.44,1.94,-2.75,1.63,0.92,0.00
-1.04,-2.78,-3.21,2.51,0.04,1.00
-0.42,-2.31,-1.45,1.07,0.67,1.00
-2.19,-2.09,-0.11,0.43,1.47,1.00
-3.52,-1.74,-2.18,2.80,-0.78,1.00
-2.19,-1.65,-2.97,-0.48,0.02,1.00
1.42,1.94,-0.12,1.49,-0.69,0.00
2.12,-0.91,-0.35,2.57,-0.13,0.00
-0.37,-1.71,-3.57,3.31,0.92,1.00
-2.12,-2.55,-0.59,-0.17,0.96,1.00
0.94,0.97,-1.49,1.75,1.11,0.00
-1.15,-2.69,-2.07,2.68,0.12,1.00
-2.21,-0.12,-1.56,1.17,1.36,1.00
-1.73,-1.39,-2.05,1.15,0.99,1.00
-0.23,1.57,0.10,0.67,-1.28,0.00
-1.85,-0.51,-1.56,1.96,-1.18,1.00
1.23,0.17,-1.13,2.27,-0.03,0.00
-1.96,-0.95,-2.92,2.94,-1.41,1.00
1.83,0.73,-1.09,3.50,-0.15,0.00
1.87,2.06,-1.80,3.38,-0.01,0.00
-2.45,-1.46,-2.53,1.50,0.27,1.00
-0.50,-1.86,-2.65,2.68,0.19,1.00
-0.05,1.43,-1.95,2.24,-0.11,0.00
-0.13,-1.57,-0.42,1.93,0.69,1.00
1.04,2.29,-1.04,2.78,-0.41,0.00
0.81,0.97,-2.09,2.60,-1.13,0.00
-0.54,-0.50,-3.66,1.87,-0.23,1.00
-2.79,-1.35,-2.34,1.03,-0.20,1.00
1.17,1.03,0.17,0.97,0.20,0.00
-2.25,-0.18,-2.05,1.08,0.34,1.00
-0.95,-0.36,-2.34,4.98,0.84,1.00
1.47,1.78,-0.90,2.11,0.29,0.00
1.37,1.98,-1.86,1.90,-0.85,0.00
-2.19,-1.06,-1.57,1.28,1.82,1.00
2.83,1.91,1.86,2.52,0.06,0.00
-0.56,-2.55,-2.61,0.19,-0.15,1.00
1.20,-0.97,-0.62,1.10,-0.18,0.00
-3.06,-1.63,-2.15,0.89,0.57,1.00
-3.20,1.26,-2.99,1.67,0.37,1.00
-0.15,2.61,1.01,1.00,-0.26,0.00
-0.51,-2.95,-1.34,3.20,0.11,1.00
-1.03,-2.62,-1.53,2.15,-1.87,1.00
-0.69,-1.47,-1.19,0.92,-0.53,1.00
-1.91,-0.73,-3.85,1.38,-0.51,1.00
-1.80,-2.37,-3.70,3.66,0.57,1.00
-2.16,-2.44,-0.74,0.48,0.18,1.00
-1.67,-2.30,-3.41,1.62,0.57,1.00
-2.88,-1.21,-4.39,0.05,0.47,1.00
-3.28,0.09,-1.83,3.78,-0.49,1.00
-1.92,-1.21,-2.08,4.19,-0.82,1.00
2.40,2.28,-2.00,1.75,0.53,0.00
-1.16,-2.52,-0.60,1.90,-0.08,1.00
1.71,1.42,0.57,2.81,-0.13,0.00
1.42,2.58,-2.34,0.70,-0.64,0.00
0.49,3.86,0.99,4.12,2.20,0.00
-0.10,1.24,-2.56,0.84,0.11,0.00
0.34,-2.23,-2.06,1.50,-1.47,1.00
-2.21,-3.03,-1.99,1.80,-0.48,1.00
-3.14,-1.30,-0.26,1.20,-0.23,1.00
1.92,1.72,-2.67,1.61,-0.58,0.00
-3.26,-1.84,-2.94,1.26,-1.15,1.00
1.49,0.82,-2.04,0.92,0.96,0.00
-2.87,-0.38,-2.24,1.62,0.69,1.00
1.10,0.68,-0.97,2.34,-0.39,0.00
2.47,2.94,-1.77,2.09,-0.93,0.00
0.47,2.71,-1.92,1.86,-0.90,0.00
-2.96,-2.38,-1.89,0.92,-0.44,1.00
-3.34,0.70,-2.06,0.52,0.96,1.00
2.48,0.36,-2.05,3.69,-1.13,0.00
-0.71,-0.33,-2.54,3.23,1.58,1.00
0.96,1.16,1.01,1.54,-0.08,0.00
0.15,-0.75,-2.80,1.75,-0.11,1.00
-0.75,0.47,-1.15,2.79,-0.87,0.00
2.05,1.04,-2.37,4.17,1.15,0.00
